artist_id,artist_name,date,daily_streams,sentiment_score,social_impressions,mention_volume
1,Olivia Rodrigo,2021-08-29,1065684,26,520000,29
1,Olivia Rodrigo,2021-08-01,2289588,32,640000,35
1,Olivia Rodrigo,2023-11-05,4282933,18,360000,24
1,Olivia Rodrigo,2021-05-30,11206724,67,1340000,72
1,Olivia Rodrigo,2021-05-23,13395318,90,1800000,97
1,Olivia Rodrigo,2023-12-24,2031160,20,400000,29
1,Olivia Rodrigo,2021-10-24,313458,17,340000,19
1,Olivia Rodrigo,2024-02-25,708444,35,700000,46
1,Olivia Rodrigo,2024-01-21,1244291,19,380000,28
1,Olivia Rodrigo,2021-08-15,1696124,26,520000,29
1,Olivia Rodrigo,2023-12-10,2487244,28,560000,37
1,Olivia Rodrigo,2021-06-20,6292380,48,960000,51
1,Olivia Rodrigo,2024-01-14,1433371,16,320000,25
1,Olivia Rodrigo,2021-07-25,2912650,30,600000,33
1,Olivia Rodrigo,2021-11-07,193716,13,260000,15
1,Olivia Rodrigo,2021-09-05,972798,22,440000,25
1,Olivia Rodrigo,2021-06-27,4920830,54,1080000,57
1,Olivia Rodrigo,2023-12-31,1789226,19,380000,31
1,Olivia Rodrigo,2023-09-10,10564002,79,1580000,86
1,Olivia Rodrigo,2023-11-19,3888740,19,380000,28
1,Olivia Rodrigo,2023-10-15,6190086,18,360000,21
1,Olivia Rodrigo,2024-02-18,763182,30,600000,45
1,Olivia Rodrigo,2023-09-24,8467500,28,560000,32
1,Olivia Rodrigo,2021-06-13,7165456,48,960000,52
1,Olivia Rodrigo,2023-12-17,2227320,21,420000,30
1,Olivia Rodrigo,2023-10-08,7232104,21,420000,24
1,Olivia Rodrigo,2021-10-17,346020,16,320000,18
1,Olivia Rodrigo,2021-08-08,1737082,29,580000,32
1,Olivia Rodrigo,2021-08-22,1341496,30,600000,33
1,Olivia Rodrigo,2021-07-18,3297506,40,800000,43
1,Olivia Rodrigo,2024-02-11,842644,21,420000,31
1,Olivia Rodrigo,2023-11-12,3880235,17,340000,25
1,Olivia Rodrigo,2021-10-31,231200,15,300000,17
1,Olivia Rodrigo,2021-09-26,576280,25,500000,28
1,Olivia Rodrigo,2024-03-03,612522,26,520000,39
1,Olivia Rodrigo,2021-09-19,650914,24,480000,27
1,Olivia Rodrigo,2021-06-06,8710174,53,1060000,57
1,Olivia Rodrigo,2023-10-01,8308331,22,440000,28
1,Olivia Rodrigo,2021-07-04,4248268,43,860000,46
1,Olivia Rodrigo,2023-09-17,9190722,60,1200000,65
1,Olivia Rodrigo,2024-01-28,1062071,18,360000,24
1,Olivia Rodrigo,2021-10-10,372880,16,320000,18
1,Olivia Rodrigo,2021-11-14,182866,13,260000,15
1,Olivia Rodrigo,2023-11-26,3253442,16,320000,26
1,Olivia Rodrigo,2024-01-07,1522200,17,340000,27
1,Olivia Rodrigo,2023-10-22,5449133,20,400000,23
1,Olivia Rodrigo,2021-09-12,803144,39,780000,42
1,Olivia Rodrigo,2024-02-04,1017553,38,760000,47
1,Olivia Rodrigo,2021-10-03,519556,18,360000,20
1,Olivia Rodrigo,2023-12-03,3018164,18,360000,28
1,Olivia Rodrigo,2021-07-11,3783254,54,1080000,57
1,Olivia Rodrigo,2023-10-29,5025760,21,420000,26
2,Sabrina Carpenter,2025-02-02,1523931,76,1520000,103
2,Sabrina Carpenter,2025-01-26,1765184,26,520000,38
2,Sabrina Carpenter,2022-08-14,2160144,3,220000,14
2,Sabrina Carpenter,2023-01-01,500191,3,140000,10
2,Sabrina Carpenter,2025-01-05,1985162,33,660000,45
2,Sabrina Carpenter,2022-07-17,3061024,7,240000,19
2,Sabrina Carpenter,2024-09-01,5665664,52,1040000,70
2,Sabrina Carpenter,2022-09-11,1760086,4,180000,13
2,Sabrina Carpenter,2022-10-02,1315531,3,160000,11
2,Sabrina Carpenter,2024-11-17,2941611,56,1120000,75
2,Sabrina Carpenter,2022-07-24,2739482,4,320000,20
2,Sabrina Carpenter,2022-12-11,585331,5,140000,12
2,Sabrina Carpenter,2025-01-12,1898433,28,560000,39
2,Sabrina Carpenter,2024-12-22,2255042,47,940000,60
2,Sabrina Carpenter,2025-02-16,1471495,60,1200000,75
2,Sabrina Carpenter,2022-08-28,1895235,3,240000,15
2,Sabrina Carpenter,2022-12-04,613471,3,140000,10
2,Sabrina Carpenter,2024-10-13,4032322,47,940000,68
2,Sabrina Carpenter,2022-10-09,1243795,3,160000,11
2,Sabrina Carpenter,2022-11-20,834346,5,160000,13
2,Sabrina Carpenter,2022-12-25,538455,4,140000,11
2,Sabrina Carpenter,2022-12-18,579595,3,120000,9
2,Sabrina Carpenter,2024-12-29,1898253,41,820000,54
2,Sabrina Carpenter,2022-09-25,1405615,3,160000,11
2,Sabrina Carpenter,2024-09-22,4917115,59,1180000,74
2,Sabrina Carpenter,2022-08-21,2235851,2,220000,13
2,Sabrina Carpenter,2024-10-27,4025644,50,1000000,74
2,Sabrina Carpenter,2024-09-08,5379762,58,1160000,82
2,Sabrina Carpenter,2024-12-01,2710811,68,1360000,82
2,Sabrina Carpenter,2022-09-18,1644186,2,160000,10
2,Sabrina Carpenter,2024-09-29,4815591,64,1280000,84
2,Sabrina Carpenter,2022-10-16,1159373,3,160000,11
2,Sabrina Carpenter,2022-09-04,1694202,2,180000,11
2,Sabrina Carpenter,2024-09-15,5119869,46,920000,63
2,Sabrina Carpenter,2022-11-06,971395,3,140000,10
2,Sabrina Carpenter,2024-11-03,3522353,40,800000,59
2,Sabrina Carpenter,2022-11-27,731600,3,140000,10
2,Sabrina Carpenter,2022-08-07,2378604,3,220000,14
2,Sabrina Carpenter,2024-11-10,3315464,45,900000,68
2,Sabrina Carpenter,2025-01-19,1881015,26,520000,37
2,Sabrina Carpenter,2023-01-08,440155,4,140000,11
2,Sabrina Carpenter,2025-02-09,1563693,43,860000,56
2,Sabrina Carpenter,2024-12-08,2595291,61,1220000,74
2,Sabrina Carpenter,2024-11-24,2858695,43,860000,57
2,Sabrina Carpenter,2022-10-30,1006151,2,140000,9
2,Sabrina Carpenter,2024-10-06,4416422,50,1000000,73
2,Sabrina Carpenter,2024-10-20,3812511,45,900000,62
2,Sabrina Carpenter,2024-08-25,6353442,75,1500000,92